function,n,xlogy,masked,log,masked/xlogy,log/xlogy
beta_log_cdf,1000,7.79259717091918e-05,8.14325176179409e-05,7.877754978835583e-05,1.0449984239123127,1.010928039272221
beta_log_cdf,100000,0.004936622455716133,0.004857202991843224,0.004786099540069699,0.983912185996531,0.9695089270049114
beta_log_cdf,1000000,0.04928555153310299,0.04876101191621274,0.04787888308055699,0.9893571320483663,0.9714588067133386
uniform_log_cdf,1000,3.266602288931608e-05,3.5176053643226624e-05,3.49550973623991e-05,1.0768391904461527,1.0700750893623998
uniform_log_cdf,100000,0.0007654299261048436,0.0005073514766991138,0.0006164360092952847,0.6628320364751719,0.8053461045509859
uniform_log_cdf,1000000,0.007617615046910942,0.00509721296839416,0.006095490069128573,0.6691350162753574,0.8001835261549987
q_exponential_log_cdf,1000,2.672988921403885e-05,2.8553535230457783e-05,2.6765046641230583e-05,1.068224974739556,1.0013152851817009
q_exponential_log_cdf,100000,0.0018748058937489986,0.001669872086495161,0.0016734780510887504,0.8906906533966367,0.8926140336279516
q_exponential_log_cdf,1000000,0.02044191292952746,0.018859515548683703,0.018856304930523038,0.9225905429546148,0.9224334824010486
laplace_log_cdf,1000,1.7637968994677067e-05,1.7617945559322834e-05,1.7693033441901207e-05,0.9988647539090088,1.003121926750226
laplace_log_cdf,100000,0.000985703431069851,0.0009861990110948682,0.0009858839912340045,1.0005027678806793,1.0001831789952862
laplace_log_cdf,1000000,0.010471300920471549,0.010519225848838687,0.010515664471313357,1.0045767883791252,1.0042366799673454
